ID_2,NAME_2,n_yfv_human_rel,n_yfv_human_str,n_yfv_nhp_str,n_chik_rel,n_chik_str,2016_vaccination,EVI
2063,NOVA ERA,0,0,0,5,0,0.794345037,0.449041149
2064,NOVA LIMA,1,0,0,3,0,0.778750858,0.32174617
2065,NOVA MODICA,0,0,0,0,0,0.696889327,0.398149858
2066,NOVA PONTE,0,0,0,0,0,0.792932642,0.353084097
2067,NOVA PORTEIRINHA,0,0,0,0,0,0.743522943,0.421556242
2068,NOVA RESENDE,0,0,0,0,0,0.808230981,0.448599176
2069,NOVA SERRANA,0,0,0,2,0,0.68441461,0.38345477
2070,NOVA UNIAO,0,0,0,0,0,0.89387419,0.422932845
2071,NOVO CRUZEIRO,20,11,1,2,0,0.732341675,0.441183435
2072,NOVO ORIENTE DE MINAS,0,0,0,0,0,0.720511282,0.470810981
2073,NOVORIZONTE,0,0,0,0,0,0.709561044,0.379333035
2074,OLIMPIO NORONHA,0,0,0,0,0,0.776898725,0.455902318
2075,OLARIA,1,0,0,0,0,0.827151498,0.446765992
2076,OLHOS-D'AGUA,0,0,0,0,0,0.703523885,0.347006492
2077,OLIVEIRA FORTES,0,0,0,0,0,0.708521655,0.445274821
2078,OLIVEIRA,0,0,0,0,0,0.73851195,0.376027378
2079,ONCA DE PITANGUI,0,0,0,0,0,0.824798176,0.409136859
2080,ORATORIOS,0,0,0,0,0,0.774000147,0.397306174
2081,ORIZANIA,0,0,0,0,0,0.686496928,0.447214907
2082,OURO BRANCO,0,0,0,0,0,0.610383335,0.372660371
2083,OURO FINO,0,0,1,0,0,0.697355938,0.436414327
2084,OURO PRETO,0,0,0,0,0,0.777236448,0.386668945
2085,OURO VERDE DE MINAS,0,0,0,0,0,0.724715004,0.417849438
2086,PADRE CARVALHO,0,0,0,0,0,0.769150517,0.386135206
2087,PADRE PARAISO,1,1,0,35,0,0.697233428,0.445088757
2088,PAI PEDRO,0,0,0,0,0,0.708061992,0.333964952
2089,PAINEIRAS,0,0,0,0,0,0.816274528,0.342583069
2090,PAINS,0,0,0,0,0,0.843451475,0.405501877
2091,PAIVA,0,0,0,0,0,0.782283373,0.442046553
2092,PALMOPOLIS,0,0,0,0,0,0.771288466,0.436136122
2093,PALMA,0,0,0,0,0,0.836893577,0.439576861
2094,PAPAGAIOS,0,0,0,0,0,0.813977411,0.346515532
2095,PARA DE MINAS,1,0,0,0,0,0.853661254,0.408252928
2096,PARACATU,0,0,0,0,0,0.835163331,0.330566258
2097,PARAGUACU,0,0,0,0,0,0.768073558,0.38236423
2098,PARAISOPOLIS,0,0,0,0,0,0.697115296,0.435504362
2099,PARAOPEBA,0,0,0,0,0,0.811227654,0.336601972
2100,PASSA QUATRO,0,0,0,0,0,0.697955137,0.466304339
2101,PASSA TEMPO,0,0,0,0,0,0.812694935,0.39465827
2102,PASSA VINTE,0,0,0,0,0,0.794389319,0.482721594
2103,PASSABEM,0,0,0,0,0,0.996082542,0.426290333
2104,PASSOS,0,0,0,0,0,0.725433053,0.404193084
2105,PATIS,0,0,0,0,0,0.732430178,0.372940268
2106,PATOS DE MINAS,0,0,0,1,0,0.819597617,0.357699774
2107,PATROCINIO DO MURIAE,0,0,0,0,0,0.722224046,0.410389016
2108,PATROCINIO,0,0,0,0,0,0.774002802,0.365924761
2109,PAULA CANDIDO,0,0,0,0,0,0.671055402,0.431156305
2110,PAULISTAS,0,0,0,0,0,0.830227978,0.473268622
2111,PAVAO,0,0,0,0,0,0.638382624,0.459222695
2112,PECANHA,1,0,1,0,0,0.723312046,0.463010372
2113,PEDRA AZUL,0,0,0,13,12,0.702819106,0.447707371
2114,PEDRA BONITA,0,0,0,0,0,0.790535133,0.453553149
2115,PEDRA DO ANTA,0,0,0,0,0,0.638560186,0.40376852
2116,PEDRA DO INDAIA,0,0,0,0,0,0.804593621,0.399390781
2117,PEDRA DOURADA,0,0,0,0,0,0.773948865,0.480191752
2118,PEDRALVA,0,0,0,0,0,0.758824988,0.451038187
2119,PEDRAS DE MARIA DA CRUZ,0,0,0,0,0,0.722894994,0.382348798
2120,PEDRINOPOLIS,0,0,0,0,0,0.842934706,0.340536011
2121,PEDRO LEOPOLDO,0,0,0,1,0,0.721676393,0.3963079
2122,PEDRO TEIXEIRA,0,0,0,0,0,0.721472275,0.446831375
2123,PEQUERI,0,0,0,0,0,0.776133896,0.429493338
2124,PEQUI,0,0,0,0,0,0.811131643,0.404562377
2125,PERDOES,0,0,0,0,0,0.761962885,0.403983268
2126,PERDIGAO,0,0,0,0,0,0.752801204,0.385886826
2127,PERDIZES,0,0,0,0,0,0.764106338,0.350290388
2128,PERIQUITO,0,0,0,16,0,0.684745722,0.40624014
2129,PESCADOR,0,0,0,0,0,0.743967043,0.409589794
2130,PIAU,0,0,0,0,0,0.733760625,0.447569355
2131,PIEDADE DE CARATINGA,2,2,3,0,0,0.717643095,0.459988813
2132,PIEDADE DO PONTE NOVA,0,0,0,0,0,0.72455506,0.375383727
2133,PIEDADE DO RIO GRANDE,0,0,0,0,0,0.805116799,0.351760378
2134,PIEDADE DOS GERAIS,0,0,0,0,0,0.727210367,0.392320825
2135,PIMENTA,0,0,0,0,0,0.830937956,0.355331945
2136,PINGO D'AGUA,0,0,1,10,0,0.712659477,0.453426078
2137,PINTOPOLIS,0,0,0,0,0,0.779531643,0.366935413
2138,PIRACEMA,0,0,0,0,0,0.817024432,0.411123176
2139,PIRAJUBA,0,0,0,0,0,0.759136137,0.364353066
2140,PIRANGA,0,0,0,0,0,0.7442195,0.443416969
2141,PIRANGUCU,0,0,0,0,0,0.693335049,0.459003928
2142,PIRANGUINHO,0,0,0,0,0,0.799366847,0.414910269
2143,PIRAPETINGA,0,0,0,0,0,0.712038353,0.419202305
2144,PIRAPORA,0,0,0,0,0,0.782560369,0.331864919
2145,PIRAUBA,0,0,0,0,0,0.689727484,0.406496715
2146,PITANGUI,0,0,0,1,0,0.787900604,0.364816948
2147,PIUI,0,0,0,0,0,0.773358534,0.376113465
2148,PLANURA,0,0,0,0,0,0.775511282,0.340439303
2149,POCO FUNDO,0,0,0,0,0,0.702732206,0.44652766
2150,POCOS DE CALDAS,0,0,0,5,0,0.7186991,0.403487571
2151,POCRANE,0,0,0,0,0,0.693078095,0.416542227
2152,POMPEU,0,0,0,1,0,0.797443285,0.312016013
2153,PONTE NOVA,0,0,0,1,0,0.728747235,0.407275289
2154,PONTO CHIQUE,0,0,0,0,0,0.844187018,0.374249063
2155,PONTO DOS VOLANTES,0,0,0,0,0,0.767293026,0.426573595
2156,PORTEIRINHA,0,0,0,0,0,0.776821483,0.338020525
2157,PORTO FIRME,0,0,0,0,0,0.687521929,0.436998253
2158,POTE,21,6,1,7,0,0.698284449,0.470794372
2159,POUSO ALEGRE,0,0,0,5,0,0.708104248,0.383876923
2160,POUSO ALTO,0,0,0,0,0,0.730298866,0.430095906
2161,PRADOS,0,0,0,0,0,0.762672192,0.36189697
2162,PRATAPOLIS,0,0,0,0,0,0.707618685,0.426867537
2163,PRATA,0,0,0,0,0,0.786673177,0.351986894
2164,PRATINHA,0,0,0,0,0,0.73050472,0.341910764
2165,PRESIDENTE BERNARDES,0,0,0,0,0,0.989139631,0.435286584
2166,PRESIDENTE JUSCELINO,0,0,0,0,0,0.610383335,0.353977805
2167,PRESIDENTE KUBITSCHEK,0,0,0,0,0,0.826805291,0.328006678
2168,PRESIDENTE OLEGARIO,0,0,0,0,0,0.770948031,0.338214257
2169,PRUDENTE DE MORAIS,0,0,0,0,0,0.764654855,0.370491003
2170,QUARTEL GERAL,0,0,0,0,0,0.776374951,0.345126672
2171,QUELUZITA,0,0,0,0,0,0.7991778,0.392144416
2172,RAPOSOS,0,0,0,0,0,0.749281114,0.337866202
2173,RAUL SOARES,0,0,5,0,0,0.737490688,0.420367145
2174,RECREIO,0,0,0,0,0,0.743561838,0.420464174
2175,REDUTO,0,0,0,0,0,0.683287846,0.453036274
2176,RESENDE COSTA,0,0,0,0,0,0.804439767,0.374054615
2177,RESPLENDOR,9,3,0,5,0,0.768114971,0.406734714
2178,RESSAQUINHA,0,0,0,0,0,0.849330082,0.415636579
2179,RIACHINHO,0,0,0,0,0,0.926422499,0.330765042
2180,RIACHO DOS MACHADOS,0,0,0,0,0,0.827201254,0.357759417
2181,RIBEIRAO DAS NEVES,0,0,0,6,0,0.718370194,0.35133286
2182,RIBEIRAO VERMELHO,0,0,0,0,0,0.876896787,0.388527314
2183,RIO ACIMA,0,0,0,0,0,0.815525215,0.352945087
2184,RIO CASCA,0,0,0,0,0,0.765503314,0.40311839
2185,RIO DO PRADO,0,0,0,0,0,0.817716913,0.435801256
2186,RIO DOCE,0,0,0,0,0,0.73612886,0.40809291
2187,RIO ESPERA,0,0,0,0,0,0.794576234,0.423146774
2188,RIO MANSO,0,0,0,0,0,0.774561716,0.401294433
2189,RIO NOVO,0,0,0,0,0,0.733486499,0.408283108
2190,RIO PARANAIBA,0,0,0,0,0,0.70434203,0.36732867
2191,RIO PARANAIBA,0,0,0,0,0,0.765323028,0.357751868
2192,RIO PARDO DE MINAS,0,0,0,1,0,0.706504709,0.425305493
2193,RIO POMBA,0,0,0,1,0,0.667255188,0.414604237
2194,RIO PRETO,0,0,0,0,0,0.762203948,0.438956094
2195,RIO VERMELHO,1,1,0,0,0,0.720609317,0.476881192
2196,RITAPOLIS,0,0,0,0,0,0.804858173,0.373169763
2197,ROCHEDO DE MINAS,0,0,0,0,0,0.726900674,0.422694847
2198,RODEIRO,0,0,0,0,0,0.76849236,0.393924013
2199,ROMARIA,0,0,0,0,0,0.849547878,0.382870494
2200,ROSARIO DA LIMEIRA,0,0,0,0,0,0.730100473,0.449392033
2201,RUBELITA,0,0,0,0,0,0.671819874,0.404277989
2202,RUBIM,0,0,0,0,0,0.763458001,0.404475583
2203,SAO BENTO ABADE,0,0,0,0,0,0.809422973,0.399738699
2204,SAO BRAS DO SUACUI,0,0,0,0,0,0.78477283,0.376085877
2205,SAO DOMINGOS DAS DORES,0,0,1,0,0,0.793087103,0.43802471
2206,SAO DOMINGOS DO PRATA,0,0,0,2,0,0.77366995,0.435895862
2207,SAO FELIX DE MINAS,0,0,0,0,0,0.828305251,0.39214425
2208,SAO FRANCISCO DE OLIVEIRA,0,0,0,0,0,0.958302766,0.40006916
2209,SAO FRANCISCO DE SALES,0,0,0,0,0,0.77063133,0.30215741
2210,SAO FRANCISCO DO GLORIA,0,0,0,0,0,0.708604929,0.41875568
2211,SAO FRANCISCO,0,0,0,0,0,0.793848617,0.376692305
2212,SAO GERALDO DA PIEDADE,0,0,0,0,0,0.76237617,0.41841808
2213,SAO GERALDO DO BAIXIO,0,0,0,0,0,0.707881779,0.398167932
2214,SAO GERALDO,0,0,0,0,0,0.698420359,0.417748524
2215,SAO GONCALO DO ABAETE,0,0,0,0,0,0.782181523,0.298479568
2216,SAO GONCALO DO PARA,0,0,0,1,0,0.758843987,0.390345943
2217,SAO GONCALO DO RIO ABAIXO,0,0,1,1,0,0.76761785,0.437895976
2218,SAO GONCALO DO SAPUCAI,0,0,0,0,0,0.751542062,0.416280535
2219,SAO GOTARDO,0,0,0,0,0,0.782968788,0.381981563
2220,SAO JOAO BATISTA DO GLORIA,0,0,0,0,0,0.827614192,0.335286031
2221,SAO JOAO DA LAGOA,0,0,0,0,0,0.819658661,0.361132291
2222,SAO JOAO DA MATA,0,0,0,0,0,0.738486601,0.426206077
2223,SAO JOAO DA PONTE,0,0,0,1,0,0.809716179,0.366204628
2224,SAO JOAO DAS MISSOES,0,0,0,0,0,0.824774281,0.382387314
2225,SAO JOAO DEL REI,0,0,0,2,0,0.723795187,0.330443742
2226,SAO JOAO DO MANHUACU,0,0,6,0,0,0.758567509,0.479430744
2227,SAO JOAO DO MANTENINHA,0,0,0,1,0,0.737188748,0.387543006
2228,SAO JOAO DO ORIENTE,0,0,0,0,0,0.780561823,0.402616049
2229,SAO JOAO DO PACUI,0,0,0,0,0,0.827351535,0.386694116
2230,SAO JOAO DO PARAISO,0,0,0,0,0,0.610383335,0.363673963
2231,SAO JOAO EVANGELISTA,4,1,4,0,0,0.746137736,0.44580243
2232,SAO JOAO NEPOMUCENO,0,0,0,0,0,0.7215356,0.428034276
2233,SAO JOAQUIM DE BICAS,0,0,0,0,0,0.723730647,0.368106997
2234,SAO JOSE DA BARRA,0,0,0,0,0,0.790877765,0.328374564
2235,SAO JOSE DA LAPA,0,0,0,0,0,0.718554743,0.387047301
2236,SAO JOSE DA SAFIRA,0,0,1,0,0,0.745061464,0.421091925
2237,SAO JOSE DA VARGINHA,0,0,0,0,0,0.794868638,0.403852919
2238,SAO JOSE DO ALEGRE,0,0,0,0,0,0.689004044,0.408213681
2239,SAO JOSE DO DIVINO,0,0,0,0,0,0.698927523,0.397149216
2240,SAO JOSE DO GOIABAL,0,0,0,0,0,0.802459465,0.417586843
2241,SAO JOSE DO JACURI,0,0,14,0,0,0.739999506,0.46683386
2242,SAO JOSE DO MANTIMENTO,0,0,1,0,0,0.700609076,0.455206886
2243,SAO LOURENCO,0,0,0,0,0,0.715052588,0.404950062
2244,SAO MIGUEL DO ANTA,0,0,0,0,0,0.740000093,0.417321327
2245,SAO PEDRO DA UNIAO,0,0,0,1,0,0.775584533,0.437836533
2246,SAO PEDRO DO SUACUI,0,0,2,0,0,0.723362416,0.453961108
2247,SAO PEDRO DOS FERROS,0,0,0,0,0,0.704643309,0.409240539
2248,SAO ROMAO,0,0,0,0,0,0.724719247,0.349340456
2249,SAO ROQUE DE MINAS,0,0,0,0,0,0.715127122,0.313086316
2250,SAO SEBASTIAO DA BELA VISTA,0,0,0,0,0,0.710215427,0.422722684
2251,SAO SEBASTIAO DO ANTA,0,0,0,0,0,0.702810175,0.446705749
2252,SAO SEBASTIAO DO MARANHAO,2,2,0,0,0,0.624834289,0.486336332
2253,SAO SEBASTIAO DO OESTE,0,0,0,0,0,0.82726383,0.402412626
2254,SAO SEBASTIAO DO PARAISO,0,0,0,0,0,0.761593226,0.414455049
2255,SAO SEBASTIAO DO RIO PRETO,0,0,0,0,0,0.821351167,0.428472077
2256,SAO SEBASTIAO DO RIO VERDE,0,0,0,0,0,0.723169449,0.414595827
2257,SAO SEBASTIO DA VARGEM ALEGRE,0,0,0,0,0,0.793314462,0.443462151
2258,SAO THOME DAS LETRAS,0,0,0,0,0,0.762421363,0.392471935
2259,SAO TIAGO,0,0,0,0,0,0.820286818,0.358095802
2260,SAO TOMAS DE AQUINO,0,0,0,0,0,0.831649676,0.425493242
2261,SAO VICENTE DE MINAS,0,0,0,0,0,0.693221256,0.363516148
2262,SABARA,0,0,0,1,0,0.720870292,0.396102358
2263,SABINOPOLIS,0,0,1,0,0,0.837412607,0.481777923
2264,SACRAMENTO,0,0,6,0,0,0.779406102,0.344938576
2265,SALINAS,0,0,0,0,0,0.716865414,0.391404863
2266,SALTO DA DIVISA,0,0,0,127,0,0.758707655,0.39625745
2267,SAN ANTONIO DO ITAMBE,0,0,0,0,0,0.863303096,0.458976704
2268,SAN ANTONIO DO RIO ABAI,0,0,0,0,0,0.721994917,0.426008011
2269,SANTA BARBARA DO LESTE,3,3,1,0,0,0.824907236,0.442149323
2270,SANTA BARBARA DO MONTE VERDE,0,0,0,0,0,0.784829534,0.454406355
2271,SANTA BARBARA DO TUGURIO,0,0,0,0,0,0.693527262,0.445073407
2272,SANTA BARBARA,0,0,0,1,0,0.610383335,0.429984049
2273,SANTA CRUZ DE MINAS,0,0,0,0,0,0.728873375,0.32919697
2274,SANTA CRUZ DE SALINAS,0,0,0,0,0,0.798141856,0.38690986
2275,SANTA CRUZ DO ESCALVADO,0,0,0,0,0,0.836633836,0.402325415
2276,SANTA EFIGENIA DE MINAS,0,0,0,0,0,0.770020412,0.417808801
2277,SANTA FE DE MINAS,0,0,0,0,0,0.858441639,0.325134256
2278,SANTA HELENA DE MINAS,0,0,0,4,0,0.765371219,0.448216377
2279,SANTA JULIANA,0,0,0,0,0,0.785980921,0.347897816
2280,SANTA LUZIA,0,0,0,4,0,0.610383335,0.393303234
2281,SANTA MARGARIDA,0,0,5,0,0,0.793262394,0.449157481
2282,SANTA MARIA DE ITABIRA,0,0,0,0,0,0.786416055,0.447741401
2283,SANTA MARIA DO SALTO,0,0,0,0,0,0.782733173,0.422789775
2284,SANTA MARIA DO SUACUI,2,1,1,0,0,0.779653842,0.443850882
2285,SANTA RITA DE CALDAS,0,0,0,0,0,0.789568936,0.408923688
2286,SANTA RITA DE JACUTINGA,0,0,0,0,0,0.767301476,0.458360281
2287,SANTA RITA DE MINAS,1,1,2,0,0,0.703841986,0.446995422
2288,SANTA RITA DO IBITIPOCA,0,0,0,0,0,0.765039754,0.431866723
2289,SANTA RITA DO SAPUCAI,0,0,0,0,0,0.763039837,0.37858209
2290,SANTA RITA ITUETO,0,0,3,0,0,0.73943116,0.434645195
2291,SANTA ROSA DA SERRA,0,0,0,0,0,0.719696218,0.402575299
2292,SANTA VITORIA,0,0,0,0,0,0.778443214,0.297054637
2293,SANTANA DA VARGEM,0,0,0,0,0,0.782100239,0.432088723
2294,SANTANA DE CATAGUASES,0,0,0,0,0,0.818675335,0.414996423
2295,SANTANA DE PIRAPAMA,0,0,0,0,0,0.803744932,0.329629544
2296,SANTANA DO DESERTO,0,0,0,0,0,0.732185686,0.435385005
2297,SANTANA DO GARAMBEU,0,0,0,0,0,0.653597847,0.33604984
2298,SANTANA DO JACARE,0,0,0,0,0,0.713267359,0.413124037
2299,SANTANA DO MANHUACU,0,0,7,0,0,0.665120371,0.435806125
2300,SANTANA DO PARAISO,0,0,0,1,0,0.694384375,0.427484969
2301,SANTANA DO RIACHO,0,0,0,0,0,0.781353096,0.30158215
2302,SANTANA DOS MONTES,0,0,0,0,0,0.756263541,0.432988094
2303,SANTO ANTONIO DO AMPARO,0,0,0,0,0,0.783961422,0.366989877
2304,SANTO ANTONIO DO AVENTUREIRO,0,0,0,0,0,0.725387716,0.431026526
2305,SANTO ANTONIO DO GRAMA,0,0,0,0,0,0.719063422,0.414999381
2306,SANTO ANTONIO DO JACINTO,0,0,0,0,0,0.771081651,0.407849023
2307,SANTO ANTONIO DO MONTE,0,0,0,0,0,0.779026706,0.409058702
2308,SANTO ANTONIO DO RETIRO,0,0,0,0,0,0.77027025,0.384241857
2309,SANTO HIPOLITO,0,0,0,5,0,0.769097501,0.372757869
2310,SANTOS DUMONT,0,0,0,0,0,0.725955373,0.438332506
2311,SAPUCAI-MIRIM,0,0,0,0,0,0.794767005,0.455930242
2312,SARDOA,0,0,0,0,0,0.766783554,0.44310717
2313,SARZEDO,0,0,0,1,0,0.765111491,0.376058946
2314,SEM-PEIXE,0,0,0,0,0,0.715282584,0.395545557
2315,SENADOR AMARAL,0,0,0,0,0,0.779411769,0.40412676
2316,SENADOR CORTES,0,0,0,0,0,0.653713316,0.433536267
2317,SENADOR FIRMINO,0,0,0,0,0,0.772346124,0.407902051
2318,SENADOR JOSE BENTO,0,0,0,0,0,0.716823862,0.444037795
2319,SENADOR MODESTINO GONCALVES,0,0,0,0,0,0.875588754,0.406980057
2320,SENHORA DE OLIVEIRA,0,0,0,0,0,0.883902177,0.433522116
2321,SENHORA DO PORTO,0,0,0,0,0,0.772366423,0.462673245
2322,SENHORA DOS REMEDIOS,0,0,0,0,0,0.760252721,0.426440026
2323,SERICITA,0,0,0,0,0,0.71700825,0.440831797
2324,SERITINGA,0,0,0,0,0,0.77280895,0.380301073
2325,SERRA AZUL DE MINAS,0,0,0,0,0,0.791052059,0.475123454
2326,SERRA DA SAUDAD,0,0,0,0,0,0.802329785,0.35329773
2327,SERRA DO SALITRE,0,0,0,0,0,0.7443449,0.364112215
2328,SERRA DOS AIMORES,0,0,0,6,0,0.74439962,0.398633826
2329,SERRANOPOLIS DE MINAS,0,0,0,0,0,0.803081507,0.420301691
2330,SERRANIA,0,0,0,0,0,0.819613036,0.350608137
2331,SERRANOS,0,0,0,0,0,0.780736984,0.373110046
2332,SERRO,0,0,0,0,0,0.835438668,0.401353601
2333,SETE LAGOAS,0,0,0,5,0,0.75629143,0.325249248
2334,SETUBINHA,13,8,2,0,0,0.723337881,0.466778501
2335,SILVEIRANIA,0,0,0,0,0,0.808774453,0.431446566
2336,SILVIANOPOLIS,0,0,0,0,0,0.689582564,0.42285201
2337,SIMAO PEREIRA,0,0,0,0,0,0.726496957,0.427668124
2338,SIMONESIA,11,3,14,1,0,0.661686112,0.464445574
2339,SOBRALIA,0,0,0,23,1,0.752699938,0.409174472
2340,SOLEDADE DE MINAS,0,0,0,0,0,0.665113998,0.419502342
2341,TABULEIRO,0,0,0,0,0,0.706640394,0.40914915
2342,TAIOBEIRAS,1,0,0,0,0,0.708227889,0.407818888
2343,TAPARUBA,0,0,2,0,0,0.73628016,0.412897315
2344,TAPIRAI,0,0,0,0,0,0.987679391,0.392960383
2345,TAPIRA,0,0,0,0,0,0.912202644,0.305461357
2346,TAQUARACU DE MINAS,0,0,0,0,0,0.768093197,0.413624287
2347,TARUMIRIM,0,0,0,0,0,0.715156568,0.408466134
2348,TEOFILO OTONI,154,57,23,652,13,0.780374143,0.456738362
2349,TEIXEIRAS,0,0,0,0,0,0.673532107,0.432277989
2350,TIMOTEO,1,0,1,101,0,0.716863823,0.440022354
2351,TIRADENTES,0,0,0,0,0,0.741681765,0.371326856
2352,TIROS,0,0,0,0,0,0.792058977,0.311606543
2353,TOCANTINS,0,0,0,0,0,0.754913571,0.414740957
2354,TOCOS DO MOJI,0,0,0,0,0,0.772003532,0.441230301
2355,TOLEDO,0,0,0,0,0,0.999437039,0.420237379
2356,TOMBOS,0,0,0,0,0,0.671129334,0.452643138
2357,TRES CORACOES,1,1,0,0,0,0.731129005,0.398276502
2358,TRES MARIAS,0,0,0,0,0,0.798879957,0.291961157
2359,TRES PONTAS,0,0,0,0,0,0.777225343,0.412832269
2360,TUMIRITINGA,0,0,0,56,0,0.738344896,0.371010384
2361,TUPACIGUARA,0,0,0,0,0,0.801515942,0.329307598
2362,TURMALINA,0,0,0,0,0,0.80884337,0.408901534
2363,TURVOLANDIA,0,0,0,0,0,0.785703526,0.421449655
2364,UBA,0,0,0,0,0,0.808765691,0.410242085
2365,UBAI,0,0,0,0,0,0.782554582,0.381276465
2366,UBAPORANGA,1,1,2,0,0,0.686118248,0.43359009
2367,UBERABA,0,0,0,1,0,0.789721076,0.36175415
2368,UBERLANDIA,0,0,1,8,1,0.80332141,0.348672667
2369,UMBURATIBA,0,0,0,1,0,0.837208351,0.434190172
2370,UNAI,0,0,0,1,0,0.84946219,0.329745255
2371,UNIAO DE MINAS,0,0,0,0,0,0.850297569,0.339693469
2372,URUANA DE MINAS,0,0,0,0,0,0.878804521,0.346123017
2373,URUCANIA,0,0,0,0,0,0.77206391,0.372782093
2374,URUCUIA,0,0,0,0,0,0.757487277,0.340087427
2375,VARZEA DA PALMA,0,0,0,0,0,0.811835096,0.347832765
2376,VARGEM ALEGRE,0,0,2,0,0,0.76111315,0.422980443
2377,VARGEM BONITA,0,0,0,0,0,0.807245023,0.374812094
2378,VARGEM GRANDE DO RIO PARDO,0,0,0,0,0,0.851444933,0.344741779
2379,VARGINHA,1,0,1,1,0,0.733805311,0.410711425
2380,VARJAO DE MINAS,0,0,0,0,0,0.827962845,0.357568419
2381,VARZELANDIA,0,0,0,0,0,0.776186264,0.370140169
2382,VERISSIMO,0,0,0,0,0,0.737732749,0.381384635
2383,VERDELANDIA,0,0,0,0,0,0.760753112,0.359404222
2384,VEREDINHA,0,0,0,0,0,0.76797818,0.401963633
2385,VERMELHO NOVO,0,0,6,0,0,0.79985416,0.435185924
2386,VESPASIANO,0,0,0,0,0,0.705771796,0.340998272
2387,VICOSA,1,0,0,1,0,0.610383335,0.4173746
2388,VIEIRAS,0,0,0,0,0,0.691607957,0.442740422
2389,VIRGINIA,0,0,0,0,0,0.806697884,0.449481042
2390,VIRGEM DA LAPA,0,0,0,0,0,0.723661542,0.392541799
2391,VIRGINOPOLIS,0,0,0,0,0,0.819424465,0.454113968
2392,VIRGOLANDIA,0,0,0,2,0,0.734501055,0.419111573
2393,VISCONDE DO RIO BRANCO,0,0,0,0,0,0.741967771,0.389562153
2394,VOLTA GRANDE,0,0,0,0,0,0.643935762,0.423462763
2395,WENCESLAU BRAZ,0,0,0,0,0,1,0.452840286
1542,AGUA BOA,1,0,1,0,0,0.610383335,0.452317309
1543,AGUA COMPRIDA,0,0,0,0,0,0.924762347,0.324490626
1544,AGUAS FORMOSAS,0,0,0,12,0,0.705661043,0.475079002
1545,AGUAS VERMELHAS,0,0,0,0,0,0.678549098,0.416422567
1546,ACUCENA,0,0,0,0,0,0.808553641,0.446123738
1547,ABADIA DOS DOURADOS,0,0,0,0,0,0.78233886,0.344025742
1548,ABAETE,0,0,0,0,0,0.782466846,0.31845449
1549,ABRE CAMPO,0,0,1,0,0,0.689718906,0.415524659
1550,ACAIACA,0,0,0,0,0,0.709930474,0.425101404
1551,AGUANIL,0,0,1,0,0,0.793234322,0.369678523
1552,AIMORES,4,0,9,45,0,0.722671645,0.408251029
1553,AIURUOCA,0,0,0,0,0,0.677093976,0.398499845
1554,ALEM PARAIBA,0,0,0,1,0,0.677054002,0.439565564
1555,ALAGOA,0,0,0,0,0,0.866066147,0.458985592
1556,ALBERTINA,0,0,0,0,0,0.699095794,0.48006628
1557,ALFENAS,0,0,0,1,0,0.762794114,0.366013804
1558,ALFREDO VASCONCELOS,0,0,0,0,0,0.77895013,0.412289426
1559,ALMENARA,0,0,0,22,0,0.663255998,0.485569482
1560,ALPERCATA,0,0,0,1,0,0.716242693,0.373701242
1561,ALPINOPOLIS,0,0,0,0,0,0.723620762,0.425896307
1562,ALTEROSA,0,0,0,0,0,0.764551503,0.406529237
1563,ALTO CAPARAO,0,0,0,0,0,0.745330588,0.449536835
1564,ALTO JEQUITIBA,0,0,0,0,0,0.684960422,0.487309005
1565,ALTO RIO DOCE,0,0,0,0,0,0.720532076,0.42762763
1566,ALVARENGA,6,3,2,1,0,0.751364342,0.414261045
1567,ALVINOPOLIS,0,0,0,0,0,0.679442296,0.446188052
1568,ALVORADA DE MINAS,0,0,1,0,0,0.790390668,0.452413526
1569,AMPARO DO SERRA,0,0,0,0,0,0.749756869,0.425053146
1570,ANDRADAS,0,0,0,1,0,0.718762437,0.432072985
1571,ANDRELANDIA,0,0,0,0,0,0.753220827,0.347498769
1572,ANGELANDIA,0,0,1,0,0,0.720081611,0.455835264
1573,ANTONIO CARLOS,0,0,0,0,0,0.713958985,0.423260006
1574,ANTONIO DIAS,0,0,1,0,0,0.689274597,0.465833685
1575,ANTONIO PRADO DE MINAS,0,0,0,0,0,0.729809926,0.444073066
1576,ARACUAI,2,2,0,2,0,0.696645304,0.399267783
1577,ARACAI,0,0,0,0,0,0.805969477,0.333649937
1578,ARACITABA,0,0,0,0,0,0.660628077,0.429414941
1579,ARAGUARI,1,0,0,16,0,0.776029384,0.369581745
1580,ARANTINA,0,0,0,0,0,0.770539915,0.368772978
1581,ARAPONGA,0,0,0,0,0,0.813494505,0.449234243
1582,ARAPUA,0,0,0,0,0,0.977337277,0.395684342
1583,ARAUJOS,0,0,0,0,0,0.771376922,0.399409538
1584,ARAXA,0,0,1,1,0,0.749542799,0.364130862
1585,ARCEBURGO,0,0,0,0,0,0.798924193,0.432425361
1586,ARCOS,0,0,0,2,0,0.745337374,0.385657541
1587,AREADO,0,0,0,0,0,0.752094434,0.368668306
1588,ARGIRITA,0,0,0,0,0,0.741654119,0.451787125
1589,ARICANDUVA,0,0,0,0,0,0.791912523,0.461454459
1590,ARINOS,0,0,2,0,0,0.904217338,0.335213229
1591,ASTOLFO DUTRA,0,0,0,0,0,0.824618669,0.41122056
1592,ATALEIA,0,0,0,2,0,0.710622393,0.404340989
1593,AUGUSTO DE LIMA,0,0,0,0,0,0.815469349,0.324643915
1594,BAEPENDI,0,0,0,0,0,0.777213673,0.410865593
1595,BALDIM,0,0,0,0,0,0.750243157,0.362621109
1596,BAMBUI,0,0,0,0,0,0.728707516,0.35335271
1597,BANDEIRA,0,0,0,0,0,0.704010073,0.505423818
1598,BANDIERA DO SUL,0,0,0,0,0,0.711416765,0.422390506
1599,BARAO DE COCAIS,0,0,0,3,0,0.787172292,0.436523984
1600,BARAO DE MONTE ALTO,0,0,0,0,0,0.860353837,0.441177669
1601,BARBACENA,0,0,0,0,0,0.699386437,0.392926321
1602,BARRA LONGA,0,0,0,0,0,0.66006929,0.431886941
1603,BARROSO,0,0,0,0,0,0.707791229,0.387509326
1604,BELA VISTA DE MINAS,0,0,0,0,0,0.726790837,0.427756925
1605,BELMIRO BRAGA,0,0,0,0,0,0.761372257,0.442286147
1606,BELO HORIZONTE,64,6,1,79,4,0.741503429,0.204026569
1607,BELO ORIENTE,0,0,0,0,0,0.758655178,0.439355785
1608,BELO VALE,0,0,0,0,0,0.663474296,0.395536507
1609,BERILO,0,0,0,0,0,0.758732148,0.393039569
1610,BERIZAL,0,0,0,0,0,0.721132288,0.409812132
1611,BERTOPOLIS,0,0,0,0,0,0.805322615,0.436920079
1612,BETIM,0,0,0,4,0,0.75412453,0.351320398
1613,BIAS FORTES,0,0,0,0,0,0.70053688,0.45446473
1614,BICAS,0,0,0,1,0,0.678817316,0.414846639
1615,BIQUINHAS,0,0,0,0,0,0.827870209,0.328801574
1616,BOA ESPERANCA,0,0,0,0,0,0.610383335,0.360715445
1617,BOCAIUVA,0,0,0,0,0,0.759833717,0.338241658
1618,BOCAINA DE MINAS,0,0,0,0,0,0.647531027,0.463889196
1619,BOM DESPACHO,0,0,0,0,0,0.795464486,0.369200342
1620,BOM JARDIM DE MINAS,0,0,0,0,0,0.83324356,0.400205636
1621,BOM JESUS DA PENHA,0,0,0,0,0,0.814184021,0.41508725
1622,BOM JESUS DO AMPARO,0,0,0,0,0,0.734694516,0.446541255
1623,BOM JESUS DO GALHO,3,3,4,0,0,0.692973338,0.429135634
1624,BOM REPOUSO,0,0,0,0,0,0.795915129,0.424961978
1625,BOM SUCESSO,0,0,0,0,0,0.714886225,0.397098192
1626,BONFIM,0,0,0,0,0,0.965539072,0.397892632
1627,BONFINOPOLIS DE MINAS,0,0,0,0,0,0.912462348,0.309196287
1628,BONITO DE MINAS,0,0,0,0,0,0.77270767,0.339755183
1629,BORDA DA MATA,0,0,0,0,0,0.720274891,0.434170038
1630,BOTELHOS,0,0,0,0,0,0.791737014,0.450992195
1631,BOTUMIRIM,0,0,0,0,0,0.791766789,0.357996054
1632,BRAUNAS,0,0,0,0,0,0.781647915,0.467122078
1633,BRAS PIRES,0,0,0,0,0,0.836458566,0.423516273
1634,BRASOPOLIS,0,0,0,0,0,0.719848321,0.328285239
1635,BRASILIA DE MINAS,0,0,0,0,0,0.765423727,0.37234089
1636,BRASILANDIA DE MINAS,0,0,0,0,0,0.726873856,0.450420386
1637,BRUMADINHO,0,0,0,1,0,0.774763329,0.383632675
1638,BUENOPOLIS,0,0,0,0,0,0.809935878,0.316391368
1639,BUENO BRANDAO,0,0,0,0,0,0.73477365,0.43026398
1640,BUGRE,0,0,0,0,0,0.719621833,0.426950885
1641,BURITIS,0,0,0,0,0,0.965038258,0.305432232
1642,BURITIZEIRO,0,0,0,0,0,0.732079841,0.321844182
1643,CASSIA,0,0,0,0,0,0.708670199,0.41719551
1644,CONEGO MARINHO,0,0,0,0,0,0.803061375,0.363547948
1645,CORREGO DANTA,0,0,0,0,0,0.786984665,0.39177925
1646,CORREGO DO BOM JESUS,0,0,0,0,0,0.766289517,0.439694847
1647,CORREGO FUNDO,0,0,0,0,0,0.760085098,0.382797366
1648,CORREGO NOVO,0,0,0,0,0,0.693714302,0.42912744
1649,CABECEIRA GRANDE,0,0,0,0,0,0.914823883,0.3247944
1650,CABO VERDE,0,0,0,0,0,0.705897566,0.457127093
1651,CACHOEIRA DA PRATA,0,0,0,0,0,0.802083849,0.38163285
1652,CACHOEIRA DE MINAS,0,0,0,0,0,0.752290272,0.407811377
1653,CACHOEIRA DE PAJES,0,0,0,0,0,0.776743307,0.432622685
1654,CACHOEIRA DOURADA,0,0,0,0,0,0.610383335,0.325828594
1655,CACONDE,0,0,0,0,0,0.726211321,0.439802969
1656,CAETE,0,0,0,1,0,0.721467897,0.450791153
1657,CAETANOPOLIS,0,0,0,2,0,0.758120668,0.303623842
1658,CAIANA,0,0,0,0,0,0.63965922,0.45985173
1659,CAJURI,0,0,0,0,0,0.785117002,0.420561373
1660,CALDAS,0,0,0,0,0,0.753666988,0.407329553
1661,CAMACHO,0,0,0,0,0,0.84305988,0.393080562
1662,CAMANDUCAIA,0,0,0,0,0,0.726177749,0.446732053
1663,CAMBUI,0,0,0,0,0,0.736443433,0.424388074
1664,CAMBUQUIRA,0,0,0,0,0,0.675952624,0.431903097
1665,CAMPANARIO,0,0,0,0,0,0.746275813,0.421680265
1666,CAMPANHA,0,0,0,0,0,0.673740821,0.411033739
1667,CAMPESTRE,0,0,0,0,0,0.610383335,0.439353821
1668,CAMPINA VERDE,0,0,0,0,0,0.754071902,0.347087013
1669,CAMPO AZUL,0,0,0,0,0,0.835775321,0.372794379
1670,CAMPO BELO,0,0,0,0,0,0.750464064,0.395742574
1671,CAMPO DO MEIO,0,0,0,0,0,0.80552298,0.351500119
1672,CAMPO FLORIDO,0,0,0,0,0,0.825651363,0.362815228
1673,CAMPOS ALTOS,0,0,0,0,0,0.762525519,0.369613915
1674,CAMPOS GERAIS,0,0,0,0,0,0.824409485,0.376538238
1675,CAMPOS VERDES DE GOIAS,0,0,0,0,0,0.741551277,0.388218844
1676,CANAPOLIS,0,0,0,0,0,0.610383335,0.341612991
1677,CANAA,1,1,0,0,0,0.629042564,0.411553477
1678,CANDEIAS,0,0,0,0,0,0.610383335,0.388855479
1679,CANTAGALO,0,0,0,0,0,0.995186536,0.439003607
1680,CAPARAO,0,0,0,0,0,0.796549346,0.474009671
1681,CAPELA NOVA,0,0,0,0,0,0.796113165,0.430350775
1682,CAPELINHA,0,0,0,0,0,0.74447811,0.429809208
1683,CAPETINGA,0,0,0,0,0,0.769088129,0.4379629
1684,CAPIM BRANCO,0,0,0,0,0,0.739500347,0.407198111
1685,CAPINOPOLIS,0,0,0,0,0,0.819231324,0.337099957
1686,CAPITAO ANDRADE,0,0,0,1,0,0.801384903,0.353651555
1687,CAPITAO ENEAS,0,0,1,0,0,0.774380519,0.38266484
1688,CAPITOLIO,0,0,0,0,0,0.729402775,0.335227046
1689,CAPUTIRA,0,0,2,0,0,0.718080545,0.437643737
1690,CARAI,1,1,3,0,0,0.720152868,0.451248635
1691,CARANAIBA,0,0,0,0,0,0.755074934,0.440933574
1692,CARANDAI,0,0,0,0,0,0.781383033,0.393676111
1693,CARANGOLA,6,0,0,0,0,0.698733094,0.449437397
1694,CARATINGA,57,13,16,9,0,0.722292586,0.440910365
1695,CARAVALHOPOLIS,0,0,0,0,0,0.749065125,0.430114314
1696,CARBONITA,0,0,0,0,0,0.853339588,0.385177929
1697,CAREACU,0,0,0,0,0,0.712316234,0.422196948
1698,CARLOS CHAGAS,0,0,0,18,0,0.758220213,0.423813679
1699,CARMESIA,0,0,0,0,0,0.860521445,0.445435026
1700,CARMOPOLIS DE MINAS,0,0,0,0,0,0.735931208,0.409054607
1701,CARMO DA CACHOEIRA,0,0,0,0,0,0.734052205,0.412725541
1702,CARMO DA MATA,0,0,0,0,0,0.83829075,0.426084429
1703,CARMO DE MINAS,0,0,0,0,0,0.649592938,0.456260159
1704,CARMO DO CAJURU,0,0,0,0,0,0.771391624,0.395992599
1705,CARMO DO PARANAIBA,0,0,0,0,0,0.833589735,0.371986499
1706,CARMO DO RIO CLARO,0,0,0,0,0,0.704752202,0.340856213
1707,CARNEIRINHO,0,0,0,0,0,0.876727543,0.317712659
1708,CARRANCAS,0,0,0,0,0,0.642078676,0.330210716
1709,CARVALHOS,0,0,0,0,0,0.796448983,0.423827881
1710,CASA GRANDE,0,0,0,0,0,0.728759939,0.37181076
1711,CASCALHO RICO,0,0,1,0,0,0.877118366,0.315753104
1712,CASSITERITA,0,0,0,0,0,0.817941667,0.365399869
1713,CATAGUASES,0,0,0,0,0,0.732502324,0.399620293
1714,CATAS ALTAS DA NORUEGA,0,0,0,0,0,0.738627327,0.45422746
1715,CATAS ALTAS,0,0,0,0,0,0.784351084,0.417968124
1716,CATUJI,0,0,0,0,0,0.682732984,0.458940451
1717,CATUTI,0,0,0,0,0,0.838181633,0.320220464
1718,CAXAMBU,0,0,0,0,0,0.73004491,0.402728158
1719,CEDRO DO ABAETE,0,0,0,0,0,0.877533093,0.359361527
1720,CENTRAL DE MINAS,0,0,0,22,0,0.733789155,0.391747153
1721,CENTRALINA,0,0,0,0,0,0.773851325,0.344945056
1722,CHACARA,0,0,0,0,0,0.762263723,0.423554637
1723,CHALE,0,0,2,1,0,0.714487585,0.440922604
1724,CHAPADA DO NORTE,0,0,0,0,0,0.774114971,0.401716788
1725,CHAPADA GAUCHA,0,0,4,0,0,0.869653282,0.315286318
1726,CHAVESLANDIA,0,0,0,0,0,0.778443214,0.3281548
1727,CHIADOR,0,0,0,0,0,0.840651861,0.437475036
1728,CIPOTANEA,0,0,0,0,0,0.775740762,0.417314668
1729,CLAUDIO,0,0,0,1,0,0.746420624,0.39969317
1730,CLARAVAL,0,0,0,0,0,0.783490251,0.412058275
1731,CLARO DOS POCOES,0,0,0,0,0,0.781525384,0.350196949
1732,COIMBRA,0,0,0,0,0,0.853257793,0.406285281
1733,COLUNA,0,0,0,0,0,0.80329534,0.490103874
1734,COMENDADOR GOMES,0,0,0,1,0,0.843410624,0.37022995
1735,COMERCINHO,0,0,0,1,0,0.808135795,0.418145359
1736,CONCEICAO DA APARECIDA,0,0,0,0,0,0.741542106,0.444681114
1737,CONCEICAO DAS ALAGOAS,0,0,0,1,0,0.789219747,0.34647389
1738,CONCEICAO DAS PEDRAS,0,0,0,0,0,0.787691603,0.337166287
1739,CONCEICAO DE IPANEMA,1,0,3,0,0,0.705783096,0.43210172
1740,CONCEICAO DO MATO DENTRO,0,0,0,0,0,0.898399573,0.408959493
1741,CONCEICAO DO PARA,0,0,0,0,0,0.790527976,0.404207592
1742,CONCEICAO DO RIO VERDE,0,0,0,0,0,0.699705299,0.411149214
1743,CONCEICAO DOS OUROS,0,0,0,0,0,0.708211724,0.417512726
1744,CONFINS,0,0,0,0,0,0.732556852,0.344326958
1745,CONGONHAL,0,0,0,0,0,0.675934947,0.432911661
1746,CONGONHAS DO NORTE,0,0,0,1,0,0.835616709,0.334455523
1747,CONGONHAS,0,0,0,0,0,0.779412575,0.335725289
1748,CONQUISTA,0,0,0,0,0,0.846627363,0.361787769
1749,CONSELHEIRO LAFAIETE,0,0,1,1,0,0.764530939,0.37554145
1750,CONSELHEIRO PENA,1,0,0,173,0,0.771051532,0.407480052
1751,CONSOLACAO,0,0,0,0,0,0.745897915,0.429522462
1752,CONTAGEM,3,1,0,8,0,0.743608857,0.328422795
1753,COQUEIRAL,0,0,0,0,0,0.810619391,0.406930691
1754,CORACAO DE JESUS,0,0,0,0,0,0.783257047,0.329834488
1755,CORDISBURGO,0,0,0,0,0,0.756627277,0.4465342
1756,CORDISLANDIA,0,0,0,0,0,0.752580978,0.367605667
1757,CORINTO,0,0,0,1,0,0.752580978,0.366445541
1758,COROACI,0,0,0,0,0,0.752580978,0.385571909
1759,COROMANDEL,0,0,0,0,0,0.785959986,0.334700765
1760,CORONEL FABRICIANO,1,1,0,250,2,0.7417123,0.423626564
1761,CORONEL MURTA,0,0,1,0,0,0.649701382,0.400300501
1762,CORONEL PACHECO,0,0,0,0,0,0.738229708,0.448685718
1763,CORONEL XAVIER CHAVES,0,0,0,0,0,0.772800019,0.374571416
1764,COUTO DE MAGALHAES,0,0,1,0,0,0.738185956,0.343265273
1765,CRISOLITA,0,0,0,0,0,0.749692746,0.456167999
1766,CRISTALIA,0,0,0,0,0,0.720334297,0.375874236
1767,CRISTAIS,0,0,0,0,0,0.741048999,0.334065411
1768,CRISTIANO OTONI,0,0,0,0,0,0.738328143,0.403144354
1769,CRISTINA,0,0,0,0,0,0.716325918,0.458024549
1770,CRUCILANDIA,0,0,0,0,0,0.839580448,0.399308133
1771,CRUZILIA,0,0,0,0,0,0.791379776,0.363618173
1772,CRUZEIRO DA FORTALEZA,0,0,0,0,0,0.855769445,0.381443252
1773,CUPARAQUE,0,0,0,0,0,0.695284569,0.40014526
1774,CURRAL DE DENTRO,0,0,0,0,0,0.818195941,0.419110264
1775,CURVELO,0,0,1,1,0,0.751334154,0.329900428
1776,DATAS,0,0,0,0,0,0.701910026,0.287856115
1777,DELFIM MOREIRA,0,0,0,0,0,0.774049682,0.472376517
1778,DELFINOPOLIS,1,0,0,0,0,0.753656028,0.320692568
1779,DELTA,0,0,0,0,0,0.90155731,0.339403191
1780,DESCOBERTO,0,0,0,0,0,0.707086051,0.426033139
1781,DESTERRO DE ENTRE RIOS,0,0,0,0,0,0.75030599,0.373239783
1782,DESTERRO DO MELO,0,0,0,0,0,0.750887352,0.427781135
1783,DIAMANTINA,7,0,0,1,0,0.700554366,0.322847086
1784,DIOGO DE VASCONCELOS,0,0,0,0,0,0.730879469,0.427789941
1785,DIONISIO,0,0,0,0,0,0.686301887,0.451357711
1786,DIVINESIA,0,0,0,0,0,0.730560549,0.422297617
1787,DIVINOPOLIS,0,0,0,1,0,0.769985918,0.377851638
1788,DIVINO DAS LARANJEIRAS,0,0,0,0,0,0.790040226,0.395152266
1789,DIVINOLANDIA DE MINAS,0,0,0,0,0,0.751550133,0.466461458
1790,DIVINO,0,0,1,0,0,0.681980527,0.439809771
1791,DIVISA ALEGRE,0,0,0,0,0,0.669546933,0.491389563
1792,DIVISA NOVA,0,0,0,0,0,0.688743503,0.412131944
1793,DIVISOPOLIS,0,0,0,0,0,0.758722788,0.414823402
1794,DOM BOSCO,0,0,0,0,0,0.879009977,0.329724406
1795,DOM CAVATI,0,0,0,0,0,0.746521156,0.414003029
1796,DOM JOAQUIM,0,0,0,0,0,0.847199013,0.476640129
1797,DOM SILVERIO,0,0,0,1,0,0.704693972,0.426735282
1798,DOM VICOSO,0,0,0,0,0,0.70781293,0.456526663
1799,DONA EUSEBIA,0,0,0,0,0,0.807653955,0.424748465
1800,DORES DE CAMPOS,0,0,0,0,0,0.71926024,0.383949455
1801,DORES DE GUANHAES,0,0,0,0,0,0.783557959,0.44119546
1802,DORES DO INDAIA,0,0,0,0,0,0.799916742,0.322417246
1803,DORES DO TURVO,0,0,0,0,0,0.931579619,0.41873124
1804,DORESOPOLIS,0,0,0,0,0,0.85764453,0.397148452
1805,DOURADOQUARA,0,0,0,0,0,0.840946378,0.318159484
1806,DURANDE,0,0,7,0,0,0.68663688,0.462710999
1807,ECOPORANGA,0,0,0,0,0,0.609184851,0.397674611
1808,ELOI MENDES,0,0,0,0,0,0.716781078,0.397790777
1809,ENGENHEIRO CALDAS,0,0,0,47,1,0.65414226,0.394038561
1810,ENGENHEIRO NAVARRO,0,0,0,0,0,0.844646502,0.348149927
1811,ENTRE FOLHAS,4,4,3,0,0,0.716379206,0.419498849
1812,ENTRE RIOS DE MINAS,0,0,0,0,0,0.68374652,0.38102185
1813,ERVALIA,0,0,0,0,0,0.806033028,0.42471207
1814,ESMERALDAS,0,0,0,1,0,0.742285365,0.391872001
1815,ESPIRITO SANTO DO DOURADO,0,0,0,0,0,0.650465544,0.412042304
1816,ESPERA FELIZ,0,0,0,0,0,0.76113432,0.465209218
1817,ESPINOSA,0,0,0,0,0,0.769794846,0.337032548
1818,ESTIVA,0,0,0,0,0,0.816801256,0.425075683
1819,ESTRELA DALVA,0,0,0,0,0,0.72694221,0.427046428
1820,ESTRELA DO INDAIA,0,0,0,0,0,0.814108589,0.363190007
1821,ESTRELA DO SUL,0,0,0,0,0,0.765941906,0.390366564
1822,EUGENOPOLIS,0,0,0,0,0,0.705758528,0.449940948
1823,EWBANK DA CAMARA,0,0,1,0,0,0.710148891,0.41002053
1824,EXTREMA,0,0,0,0,0,0.72244483,0.440635016
1825,FAMA,0,0,0,0,0,0.796570418,0.350377643
1826,FARIA LEMOS,0,0,0,0,0,0.79749581,0.456918422
1827,FELICIO DOS SANTOS,2,0,1,0,0,0.815250429,0.420029798
1828,FELISBERTO CALDEIRA,0,0,0,0,0,0.829734599,0.368962551
1829,FELISBURGO,0,0,0,1,0,0.759502846,0.438408392
1830,FELIXLANDIA,0,0,0,0,0,0.719044975,0.310608968
1831,FERNANDES TOURINHO,0,0,0,0,0,0.774979412,0.389853016
1832,FERROS,0,0,0,0,0,0.783833138,0.454408766
1833,FERVEDOURO,0,0,0,0,0,0.784165746,0.444972189
1834,FLORESTAL,0,0,0,0,0,0.750896667,0.424192269
1835,FORMIGA,0,0,0,0,0,0.800153708,0.354534702
1836,FORMOSO,0,0,0,0,0,0.612034641,0.296576525
1837,FORTALEZA DE MINAS,0,0,0,0,0,0.797654781,0.414968295
1838,FORTUNA DE MINAS,1,1,0,0,0,0.846302794,0.380671127
1839,FRANCISCOPOLIS,0,0,4,0,0,0.720602122,0.354212972
1840,FRANCISCO BADARO,0,0,0,0,0,0.709458158,0.438187911
1841,FRANCISCO DUMON,0,0,0,0,0,0.75677242,0.394517132
1842,FRANCISCO SA,0,0,0,0,0,0.764336912,0.336756229
1843,FREI GASPAR,7,0,5,12,0,0.762072387,0.44698591
1844,FREI INOCENCIO,0,0,0,3,0,0.698438116,0.393307161
1845,FREI LAGONEGRO,0,0,0,0,0,0.814582041,0.487142349
1846,FRONTEIRA DOS VALES,0,0,0,4,0,0.703858822,0.490916282
1847,FRONTEIRA,0,0,0,0,0,0.798392998,0.297975646
1848,FRUTA DE LEITE,0,0,0,0,0,0.751928068,0.375707956
1849,FRUTAL,0,0,0,0,0,0.783116457,0.328393165
1850,FUNILANDIA,0,0,0,0,0,0.723034544,0.346068591
1851,GALILEIA,0,0,0,0,0,0.729267979,0.394268212
1852,GAMELEIRAS,0,0,0,0,0,0.847335485,0.350756693
1853,GLAUCILANDIA,0,0,0,0,0,0.866142072,0.36397481
1854,GOIABEIRA,0,0,0,0,0,0.666745272,0.408423357
1855,GOIANA,0,0,0,0,0,0.696671308,0.41514905
1856,GONCALVES,0,0,0,0,0,0.83042277,0.460406505
1857,GONZAGA,0,0,0,0,0,0.66499874,0.44784065
1858,GOUVEA,0,0,0,0,0,0.758876648,0.30114198
1859,GOVERNADOR VALADARES,7,2,1,894,78,0.743533613,0.390737085
1860,GRAO MOGOL,0,0,0,0,0,0.752769124,0.353864694
1861,GRUPIARA,0,0,0,0,0,0.905200881,0.24678643
1862,GUANHAES,1,0,0,0,0,0.82148263,0.448255567
1863,GUAPE,0,0,0,0,0,0.808627224,0.309024118
1864,GUARACIABA,0,0,0,0,0,0.826480571,0.425493905
1865,GUARACIAMA,0,0,0,0,0,0.848657452,0.339173165
1866,GUARANESIA,0,0,0,0,0,0.727978737,0.443302653
1867,GUARANI,0,0,0,0,0,0.744261518,0.405740504
1868,GUARARA,0,0,0,0,0,0.73048579,0.416979969
1869,GUARDA-MOR,0,0,0,0,0,0.817122033,0.341300516
1870,GUAXUPE,0,0,0,0,0,0.732368977,0.45035238
1871,GUIDOVAL,0,0,0,0,0,0.714263092,0.409752113
1872,GUIMARANIA,0,0,0,0,0,0.801354963,0.369388696
1873,GUIRICEMA,0,0,0,0,0,0.851017341,0.424824261
1874,GURINHATA,0,0,0,1,0,0.832426999,0.351249939
1875,HELIODORA,0,0,0,0,0,0.705269022,0.452021237
1876,IACU,0,0,0,0,0,0.785988068,0.408885021
1877,IBERTIOGA,0,0,0,0,0,0.802296761,0.372449953
1878,IBIA,0,0,1,0,0,0.716534925,0.360346334
1879,IBIAI,0,0,0,0,0,0.727720714,0.377331102
1880,IBIRACATU,0,0,0,0,0,0.839502686,0.362985718
1881,IBIRACI,0,0,0,0,0,0.735928726,0.38334547
1882,IBIRITE,0,0,0,4,0,0.728221173,0.297939409
1883,IBITIURA DE MINAS,0,0,0,0,0,0.679781349,0.443597128
1884,IBITURUNA,0,0,0,0,0,0.85733974,0.403888609
1885,ICARAI DE MINAS,0,0,0,0,0,0.782935163,0.394457315
1886,IGARAPE,0,0,0,0,0,0.732772819,0.347770309
1887,IGARATINGA,0,0,0,0,0,0.738532705,0.404385656
1888,IGUATAMA,0,0,0,0,0,0.734582763,0.355663109
1889,IJACI,0,0,0,0,0,0.72790302,0.352276007
1890,ILICINEA,0,0,0,0,0,0.702857196,0.397006576
1891,IMBE DE MINAS,4,4,6,1,0,0.684733425,0.425433714
1892,INCONFIDENTES,0,0,0,0,0,0.677250289,0.446107351
1893,INDAIABIRA,0,0,0,0,0,0.774255177,0.377989497
1894,INDIANOPOLIS,0,0,0,0,0,0.895197172,0.372351445
1895,INGAI,0,0,0,0,0,0.781929682,0.366470136
1896,INHAUMA,0,0,0,0,0,0.761242571,0.362115436
1897,INHAPIM,0,0,1,2,0,0.738623396,0.415846816
1898,INIMUTABA,0,0,0,0,0,0.788436721,0.320941251
1899,IPABA,0,0,0,16,0,0.739860124,0.446309264
1900,IPANEMA,14,7,0,0,0,0.681449654,0.422729609
1901,IPATINGA,52,3,2,416,25,0.732647702,0.382866517
1902,IPIACU,0,0,0,0,0,0.873570911,0.302254046
1903,IPUIUNA,0,0,0,0,0,0.76829819,0.403579694
1904,IRAI DE MINAS,0,0,0,0,0,0.841390934,0.316855197
1905,ITAU DE MINAS,0,0,0,0,0,0.824528047,0.377521416
1906,ITAUNA,0,0,0,0,0,0.765241193,0.405254872
1907,ITABIRA,1,0,0,4,0,0.744815582,0.414936642
1908,ITABIRINHA DE MANTENA,0,0,0,0,0,0.747590858,0.394592986
1909,ITABIRITO,0,0,0,1,0,0.737245038,0.349634316
1910,ITACARAMBI,0,0,0,0,0,0.747144635,0.39534682
1911,ITACARAMBIRA,0,0,0,0,0,0.757568545,0.375437694
1912,ITAGUARA,0,0,0,1,0,0.734185421,0.313679543
1913,ITAIPE,0,0,0,0,0,0.782999108,0.410113208
1914,ITAJUBA,0,0,0,3,0,0.758293414,0.456548668
1915,ITAMARANDIBA,0,0,1,0,0,0.715182035,0.440559955
1916,ITAMARATI DE MINAS,0,0,0,0,0,0.713972137,0.416107088
1917,ITAMBE DO MATO DENTRO,0,0,0,0,0,0.693058862,0.446991981
1918,ITAMBACURI,9,5,5,0,0,0.691961145,0.411240122
1919,ITAMOGI,0,0,0,0,0,0.792768373,0.377933108
1920,ITAMONTE,0,0,0,0,0,0.734270537,0.427483923
1921,ITANHANDU,0,0,0,0,0,0.673036534,0.450614499
1922,ITANHOMI,1,0,0,2,0,0.748005496,0.402373003
1923,ITAOBIM,0,0,0,0,0,0.755990703,0.397594035
1924,ITAPAGIPE,0,0,0,0,0,0.754483391,0.407021271
1925,ITAPECERICA,0,0,0,0,0,0.751185336,0.354360647
1926,ITAPEVA,0,0,0,0,0,0.756795177,0.409599505
1927,ITATIAIUCU,0,0,0,0,0,0.777570223,0.39928198
1928,ITAVERAVA,0,0,0,0,0,0.79699523,0.434318829
1929,ITINGA,0,0,0,40,0,0.747691475,0.411218404
1930,ITUETA,0,0,12,0,0,0.778879337,0.401841991
1931,ITUIUTABA,0,0,1,1,1,0.759877959,0.332968138
1932,ITUMIRIM,0,0,0,0,0,0.770380891,0.349024275
1933,ITURAMA,0,0,0,0,0,0.796455854,0.305846997
1934,ITUTINGA,0,0,0,0,0,0.767117329,0.336170517
1935,JAIBA,0,0,0,0,0,0.740570438,0.361311786
1936,JABOTICATUBAS,0,0,0,0,0,0.70145089,0.327100421
1937,JACINTO,0,0,0,13,0,0.692330398,0.425187455
1938,JACUI,0,0,0,0,0,0.765238147,0.42981061
1939,JACUTINGA,0,0,0,0,0,0.693239531,0.439573982
1940,JAGUARACU,0,0,0,0,0,0.717881132,0.461417824
1941,JAMPRUCA,0,0,0,17,0,0.70070614,0.408799445
1942,JANAUBA,0,0,0,2,0,0.748769237,0.341082684
1943,JANUARIA,0,0,6,0,0,0.77085298,0.353036624
1944,JAPARAIBA,0,0,0,0,0,0.815386446,0.353554775
1945,JAPONVAR,0,0,0,0,0,0.820423636,0.358300213
1946,JECEABA,0,0,0,0,0,0.821384596,0.401819205
1947,JENIPAPO DE MINAS,0,0,0,0,0,0.722615509,0.41258091
1948,JEQUERI,0,0,0,0,0,0.710007097,0.412863697
1949,JEQUITAI,0,0,0,0,0,0.819570256,0.36739137
1950,JEQUITIBA,0,0,0,0,0,0.795563938,0.344259748
1951,JEQUITINHONHA,0,0,0,2,0,0.717666033,0.456613933
1952,JESUANIA,0,0,0,0,0,0.6970768,0.442679051
1953,JOAO MONLEVADE,0,0,0,3,0,0.777687713,0.40685756
1954,JOAO PINHEIRO,0,0,0,1,0,0.888077706,0.32689798
1955,JOAIMA,0,0,0,0,0,0.674303638,0.458555668
1956,JOANESIA,0,0,0,0,0,0.801232687,0.429435216
1957,JOAQUIM FELICIO,0,0,1,0,0,0.772574097,0.328954946
1958,JORDANIA,0,0,0,1,0,0.675565492,0.464524177
1959,JOSE GONCALVES DE MINAS,0,0,0,0,0,0.751586391,0.409315106
1960,JOSE RAYDAN,2,2,1,0,0,0.804517393,0.4108816
1961,JOSENOPOLIS,0,0,0,0,0,0.778489483,0.461933814
1962,JUATUBA,0,0,0,1,0,0.776410195,0.361192012
1963,JUIZ DE FORA,0,0,1,4,0,0.726492319,0.418222314
1964,JURAMENTO,0,0,1,0,0,0.757250423,0.397098401
1965,JURUAIA,0,0,0,0,0,0.809386644,0.458588587
1966,JUVENILIA,0,0,0,0,0,0.777696948,0.377495247
1967,LADAINHA,65,44,4,1,0,0.740012028,0.489630802
1968,LAGAMAR,0,0,0,0,0,0.862396672,0.321603592
1969,LAGOA DA PRATA,0,0,0,0,0,0.774813494,0.34874716
1970,LAGOA DOS PATOS,0,0,0,0,0,0.766683485,0.376458383
1971,LAGOA DOURADA,0,0,0,0,0,0.767098305,0.383749129
1972,LAGOA FORMOSA,0,0,0,0,0,0.793806029,0.346540411
1973,LAGOA GRANDE,0,0,0,0,0,0.810253159,0.344662812
1974,LAGOA SANTA,0,0,0,0,0,0.733221434,0.378533441
1975,LAJINHA,4,1,2,0,0,0.67318418,0.457022679
1976,LAMBARI,0,0,0,0,0,0.754855613,0.449694024
1977,LAMIM,0,0,0,0,0,0.831769655,0.441701452
1978,LARANJAL,0,0,0,0,0,0.893443336,0.408214758
1979,LASSANCE,0,0,0,0,0,0.879769805,0.335270415
1980,LAVRAS,0,0,1,1,1,0.741126684,0.379104401
1981,LEANDRO FERREIRA,0,0,0,0,0,0.934075865,0.395448759
1982,LEME DO PRADO,0,0,0,0,0,0.789968321,0.427419917
1983,LEOPOLDINA,0,0,0,0,0,0.743153679,0.430772666
1984,LIBERDADE,0,0,0,0,0,0.737312357,0.41610193
1985,LIMA DUARTE,0,0,0,0,0,0.712100168,0.418385852
1986,LIMEIRA DO OESTE,0,0,0,0,0,0.850611953,0.340803251
1987,LONTRA,0,0,0,0,0,0.745893484,0.360911518
1988,LUISBURGO,0,0,4,0,0,0.869883917,0.489680916
1989,LUISLANDIA,0,0,0,0,0,0.918949093,0.373259546
1990,LUMINARIAS,0,0,0,0,0,0.691886425,0.374240644
1991,LUZ,0,0,0,0,0,0.850419067,0.344642141
1992,MARIO CAMPOS,0,0,0,1,0,0.716358282,0.373239666
1993,MACHACALIS,0,0,0,0,0,0.790967768,0.434199005
1994,MACHADO,0,0,0,0,0,0.758227416,0.441295719
1995,MADRE DE DEUS DE MINAS,0,0,0,0,0,0.693369048,0.328202478
1996,MALACACHETA,16,1,2,3,1,0.647379265,0.468361615
1997,MAMONAS,0,0,0,0,0,0.80304763,0.3285511
1998,MANGA,0,0,0,0,0,0.741441845,0.371006827
1999,MANHUACU,60,3,34,1,0,0.705437017,0.470106907
2000,MANHUMIRIM,3,0,0,0,0,0.662260752,0.495291672
2001,MANTENA,0,0,0,1,0,0.723239542,0.396969039
2002,MAR DE ESPANHA,0,0,0,0,0,0.690953112,0.435393288
2003,MARAVILHAS,0,0,0,0,0,0.821091957,0.380846246
2004,MARIA DA FE,0,0,0,0,0,0.844837604,0.444652991
2005,MARIANA,0,0,0,0,0,0.762401795,0.430069999
2006,MARILAC,0,0,0,0,0,0.729574767,0.387519547
2007,MARIPA DE MINAS,0,0,0,0,0,0.704605569,0.427678809
2008,MARLIERIA,0,0,1,0,0,0.69425314,0.48134248
2009,MARMELOPOLIS,0,0,0,0,0,0.698921057,0.471044617
2010,MARTINHO CAMPOS,0,0,0,0,0,0.794609118,0.348065546
2011,MARTINS SOARES,0,0,1,0,0,0.68442053,0.487723684
2012,MATA VERDE,0,0,0,0,0,0.714470456,0.500918679
2013,MATERLANDIA,0,0,0,0,0,0.659005874,0.48124852
2014,MATEUS LEME,0,0,0,0,0,0.733972001,0.393504907
2015,MATHIAS LOBATO,0,0,0,120,0,0.718498511,0.396656328
2016,MATIAS BARBOSA,0,0,0,0,0,0.733365626,0.434548906
2017,MATIAS CARDOSO,0,0,0,0,0,0.734823751,0.368824257
2018,MATIPO,1,1,6,0,0,0.694663348,0.429230347
2019,MATO VERDE,0,0,0,0,0,0.731639147,0.328059772
2020,MATOZINHOS,0,0,0,0,0,0.762793398,0.379225227
2021,MATUTINA,0,0,0,0,0,0.76663079,0.39467633
2022,MEDEIROS,0,0,0,0,0,0.768273313,0.329220884
2023,MEDINA,0,0,0,59,3,0.687752865,0.421630664
2024,MENDES PIMENTEL,0,0,0,0,0,0.80824277,0.392362286
2025,MERCES,0,0,0,0,0,0.73136301,0.426892317
2026,MESQUITA,0,0,0,1,0,0.753601663,0.446379209
2027,MINAS NOVAS,0,0,3,0,0,0.731366503,0.408942842
2028,MINDURI,0,0,0,0,0,0.806252538,0.384089763
2029,MIRAI,0,0,0,0,0,0.787835165,0.423456804
2030,MIRABELA,0,0,0,0,0,0.764567288,0.384446978
2031,MIRADOURO,0,0,0,0,0,0.742885941,0.437518101
2032,MIRAVANIA,0,0,0,0,0,0.787567365,0.363545244
2033,MOEDA,0,0,0,0,0,0.780485629,0.389073494
2034,MOEMA,0,0,0,0,0,0.785291908,0.351658621
2035,MONJOLOS,0,0,0,0,0,0.705695307,0.34175763
2036,MONSENHOR PAULO,0,0,0,0,0,0.794286481,0.410186039
2037,MONTALVANIA,0,0,0,0,0,0.782958249,0.359939353
2038,MONTE ALEGRE DE MINAS,0,0,0,0,0,0.753944913,0.341656357
2039,MONTE AZUL,0,0,0,0,0,0.811091783,0.332247497
2040,MONTE BELO,0,0,0,0,0,0.799422172,0.419502342
2041,MONTE CARMELO,0,0,0,0,0,0.81694972,0.358230603
2042,MONTE FORMOSO,0,0,0,0,0,0.751295376,0.449429346
2043,MONTE SANTO DE MINAS,0,0,0,0,0,0.804113637,0.434679402
2044,MONTE SIAO,0,0,0,0,0,0.706047023,0.430921888
2045,MONTES CLAROS,0,0,0,4,1,0.72653395,0.368848411
2046,MONTEZUMA,0,0,0,0,0,0.751118176,0.36041801
2047,MORADA NOVA DE MINAS,0,0,0,0,0,0.833846671,0.259027139
2048,MORRO DA GARCA,0,0,0,0,0,0.805611729,0.339380521
2049,MORRO DO PILAR,0,0,0,0,0,0.82390762,0.404334954
2050,MUNHOZ,0,0,0,0,0,0.698214906,0.411431521
2051,MURIAE,0,0,0,0,0,0.719332058,0.424602678
2052,MUTUM,8,3,8,0,0,0.708132859,0.429884765
2053,MUZAMBINHO,0,0,0,0,0,0.752615048,0.448957477
2054,NACIP RAYDAN,0,0,0,0,0,0.760517827,0.414821541
2055,NANUQUE,0,0,0,153,1,0.696281009,0.401968307
2056,NAQUE,0,0,0,0,0,0.795077348,0.406378359
2057,NATERCIA,0,0,0,0,0,0.799102454,0.451637089
2058,NATALANDIA,0,0,1,0,0,0.97682756,0.348355074
2059,NAZARENO,0,0,0,0,0,0.752838505,0.372667851
2060,NEPOMUCENO,0,0,0,0,0,0.761347875,0.411630827
2061,NINHEIRA,0,0,0,1,0,0.750064439,0.395561995
2062,NOVA BELEM,0,0,0,0,0,0.764798838,0.419888641
,,,,,,,,
